{"cameraMode":{"drawMode":0,"name":"Shaded","section":"Shading Mode"},"sceneLighting":false,"audioPlay":false,"sceneViewState":{"m_AlwaysRefresh":false,"showFog":true,"showSkybox":false,"showFlares":true,"showImageEffects":true,"showParticleSystems":true,"showVisualEffectGraphs":true,"m_FxEnabled":true},"in2DMode":false,"pivot":{"x":-14.772041320800782,"y":2.223653793334961,"z":3.7851381301879885},"rotation":{"x":-0.040085211396217349,"y":0.40243571996688845,"z":-0.017641624435782434,"w":-0.9144023656845093},"size":13.528678894042969,"orthographic":false}