{"cameraMode":{"drawMode":0,"name":"Shaded","section":"Shading Mode"},"sceneLighting":true,"audioPlay":false,"sceneViewState":{"m_AlwaysRefresh":false,"showFog":true,"showSkybox":true,"showFlares":true,"showImageEffects":true,"showParticleSystems":true,"showVisualEffectGraphs":true,"m_FxEnabled":true},"in2DMode":false,"pivot":{"x":120.46527099609375,"y":-161.60366821289063,"z":197.0808563232422},"rotation":{"x":0.38311681151390078,"y":-0.39480921626091006,"z":0.18576271831989289,"w":0.8141793608665466},"size":270.1503601074219,"orthographic":false}