{"cameraMode":{"drawMode":0,"name":"Shaded","section":"Shading Mode"},"sceneLighting":false,"audioPlay":false,"sceneViewState":{"m_AlwaysRefresh":false,"showFog":true,"showSkybox":false,"showFlares":true,"showImageEffects":true,"showParticleSystems":true,"showVisualEffectGraphs":true,"m_FxEnabled":true},"in2DMode":false,"pivot":{"x":-314.8730163574219,"y":83.54837036132813,"z":-1453.0831298828125},"rotation":{"x":-0.005838092882186174,"y":-0.23479530215263368,"z":0.0013995722401887179,"w":-0.9720517992973328},"size":60.016685485839847,"orthographic":false}