{"cameraMode":{"drawMode":0,"name":"Shaded","section":"Shading Mode"},"sceneLighting":false,"audioPlay":false,"sceneViewState":{"m_AlwaysRefresh":false,"showFog":true,"showSkybox":false,"showFlares":true,"showImageEffects":true,"showParticleSystems":true,"showVisualEffectGraphs":true,"m_FxEnabled":true},"in2DMode":false,"pivot":{"x":3.302506923675537,"y":-5.6073808670043949,"z":19.091724395751954},"rotation":{"x":0.16867081820964814,"y":-0.018006708472967149,"z":0.003095231717452407,"w":0.9855407476425171},"size":26.271427154541017,"orthographic":false}