{"cameraMode":{"drawMode":0,"name":"Shaded","section":"Shading Mode"},"sceneLighting":false,"audioPlay":false,"sceneViewState":{"m_AlwaysRefresh":false,"showFog":true,"showSkybox":false,"showFlares":true,"showImageEffects":true,"showParticleSystems":true,"showVisualEffectGraphs":true,"m_FxEnabled":true},"in2DMode":false,"pivot":{"x":1.0712326765060425,"y":-0.22234219312667848,"z":-4.8207902908325199},"rotation":{"x":-0.004544239491224289,"y":-0.9952841997146606,"z":0.05859974026679993,"w":-0.07718287408351898},"size":3.818087577819824,"orthographic":false}