{"cameraMode":{"drawMode":0,"name":"Shaded","section":"Shading Mode"},"sceneLighting":false,"audioPlay":false,"sceneViewState":{"m_AlwaysRefresh":false,"showFog":true,"showSkybox":false,"showFlares":true,"showImageEffects":true,"showParticleSystems":true,"showVisualEffectGraphs":true,"m_FxEnabled":true},"in2DMode":false,"pivot":{"x":1.7509245872497559,"y":-0.5454751253128052,"z":-0.2353048324584961},"rotation":{"x":-0.06775356829166413,"y":-0.9302082061767578,"z":0.28500744700431826,"w":-0.22113381326198579},"size":6.035806655883789,"orthographic":false}